[
  {
    "id": "92d9cab8-7ab2-4bef-8921-d84f0fc17138",
    "data": [
      {
        "text": "brigada",
        "userDefined": false
      }
    ],
    "isTemplate": false,
    "count": 0,
    "lang": "pt-br",
    "updated": 0
  },
  {
    "id": "8479c331-371a-4df0-aea6-db0a174bc377",
    "data": [
      {
        "text": "brigado",
        "userDefined": false
      }
    ],
    "isTemplate": false,
    "count": 0,
    "lang": "pt-br",
    "updated": 0
  },
  {
    "id": "10afb926-4349-4e23-b070-b301a5b5e761",
    "data": [
      {
        "text": "certo, obrigado",
        "userDefined": false
      }
    ],
    "isTemplate": false,
    "count": 0,
    "lang": "pt-br",
    "updated": 0
  },
  {
    "id": "d036fdab-6f66-4d12-a60f-884a61ede415",
    "data": [
      {
        "text": "agradeço",
        "userDefined": false
      }
    ],
    "isTemplate": false,
    "count": 0,
    "lang": "pt-br",
    "updated": 0
  },
  {
    "id": "6be8831f-5868-4bdd-82bf-2bc91df6927e",
    "data": [
      {
        "text": "obrigada",
        "userDefined": false
      }
    ],
    "isTemplate": false,
    "count": 0,
    "lang": "pt-br",
    "updated": 0
  },
  {
    "id": "4100dae2-fe3b-4e58-af4a-e10fff4c42c3",
    "data": [
      {
        "text": "obrigado",
        "userDefined": false
      }
    ],
    "isTemplate": false,
    "count": 0,
    "lang": "pt-br",
    "updated": 0
  }
]