[
  {
    "id": "a1949e3c-4e8e-49e5-aa5c-11706715fedf",
    "data": [
      {
        "text": "quero a ",
        "userDefined": false
      },
      {
        "text": "25C",
        "meta": "@seat-number",
        "alias": "listSeats",
        "userDefined": false
      }
    ],
    "isTemplate": false,
    "count": 0,
    "lang": "pt-br",
    "updated": 0
  },
  {
    "id": "577130e6-398d-4e0c-8266-8d27c323836f",
    "data": [
      {
        "text": "escolho a ",
        "userDefined": false
      },
      {
        "text": "24B",
        "meta": "@seat-number",
        "alias": "listSeats",
        "userDefined": false
      }
    ],
    "isTemplate": false,
    "count": 0,
    "lang": "pt-br",
    "updated": 0
  },
  {
    "id": "73e3ee6b-f650-4d15-a699-cb52e07f2f9b",
    "data": [
      {
        "text": "24B",
        "meta": "@seat-number",
        "alias": "listSeats",
        "userDefined": false
      }
    ],
    "isTemplate": false,
    "count": 0,
    "lang": "pt-br",
    "updated": 0
  },
  {
    "id": "fb74a4da-2758-4380-af1c-fd6530c0899c",
    "data": [
      {
        "text": "14C e 15A",
        "meta": "@seat-number",
        "alias": "listSeats",
        "userDefined": false
      }
    ],
    "isTemplate": false,
    "count": 0,
    "lang": "pt-br",
    "updated": 0
  },
  {
    "id": "009c200e-76a8-4613-9db9-ad9846bde7d7",
    "data": [
      {
        "text": "14B, 15C e 04A",
        "meta": "@seat-number",
        "alias": "listSeats",
        "userDefined": true
      }
    ],
    "isTemplate": false,
    "count": 0,
    "lang": "pt-br",
    "updated": 0
  }
]