[
  {
    "id": "9b233885-4ed9-45c7-a666-6d2503eadbb1",
    "data": [
      {
        "text": "comprar ",
        "userDefined": false
      },
      {
        "text": "1",
        "meta": "@sys.number",
        "alias": "flightNumber",
        "userDefined": false
      }
    ],
    "isTemplate": false,
    "count": 0,
    "lang": "pt-br",
    "updated": 0
  },
  {
    "id": "ccc19291-22bc-439b-80d7-0c35732e0695",
    "data": [
      {
        "text": "comprar",
        "userDefined": false
      }
    ],
    "isTemplate": false,
    "count": 0,
    "lang": "pt-br",
    "updated": 0
  },
  {
    "id": "284d1d91-40fa-4523-ba2f-7c30a554b4c9",
    "data": [
      {
        "text": "reservar ",
        "userDefined": false
      },
      {
        "text": "1",
        "meta": "@sys.number",
        "alias": "flightNumber",
        "userDefined": false
      }
    ],
    "isTemplate": false,
    "count": 0,
    "lang": "pt-br",
    "updated": 0
  },
  {
    "id": "a97b788c-ad63-429b-a811-f463dbf0a89c",
    "data": [
      {
        "text": "reservar voo ",
        "userDefined": false
      },
      {
        "text": "1",
        "meta": "@sys.number",
        "alias": "flightNumber",
        "userDefined": false
      }
    ],
    "isTemplate": false,
    "count": 0,
    "lang": "pt-br",
    "updated": 0
  },
  {
    "id": "d2239eee-85ab-4c98-801f-5644f5220c97",
    "data": [
      {
        "text": "sim no voo ",
        "userDefined": false
      },
      {
        "text": "1",
        "meta": "@sys.number",
        "alias": "flightNumber",
        "userDefined": true
      }
    ],
    "isTemplate": false,
    "count": 0,
    "lang": "pt-br",
    "updated": 0
  },
  {
    "id": "72c2cc3c-6913-4a0f-ae46-83e57a74bfe2",
    "data": [
      {
        "text": "sim voo ",
        "userDefined": false
      },
      {
        "text": "1",
        "meta": "@sys.number",
        "alias": "flightNumber",
        "userDefined": false
      }
    ],
    "isTemplate": false,
    "count": 0,
    "lang": "pt-br",
    "updated": 0
  },
  {
    "id": "e51e68d2-2657-48da-9abe-6b0673e733f4",
    "data": [
      {
        "text": "1",
        "meta": "@sys.number",
        "alias": "flightNumber",
        "userDefined": false
      }
    ],
    "isTemplate": false,
    "count": 0,
    "lang": "pt-br",
    "updated": 0
  },
  {
    "id": "855c39cd-85bf-4d27-abed-8c715a200579",
    "data": [
      {
        "text": "voo ",
        "userDefined": false
      },
      {
        "text": "1",
        "meta": "@sys.number",
        "alias": "flightNumber",
        "userDefined": false
      }
    ],
    "isTemplate": false,
    "count": 0,
    "lang": "pt-br",
    "updated": 0
  },
  {
    "id": "218f7f65-bc52-4d55-9b7b-2e4fb67168a0",
    "data": [
      {
        "text": "reservar",
        "userDefined": false
      }
    ],
    "isTemplate": false,
    "count": 0,
    "lang": "pt-br",
    "updated": 0
  },
  {
    "id": "6db64add-6ac6-454f-9b42-e9dd13c77198",
    "data": [
      {
        "text": "quero ",
        "userDefined": false
      },
      {
        "text": "fazer a",
        "meta": "@sys.ignore",
        "userDefined": false
      },
      {
        "text": " reserva",
        "userDefined": false
      }
    ],
    "isTemplate": false,
    "count": 0,
    "lang": "pt-br",
    "updated": 0
  },
  {
    "id": "086a1316-c73e-4743-973d-9682d264044f",
    "data": [
      {
        "text": "realizar",
        "userDefined": false
      }
    ],
    "isTemplate": false,
    "count": 0,
    "lang": "pt-br",
    "updated": 0
  },
  {
    "id": "d8bb9d11-3f54-4e96-9553-ccb03b4ddee1",
    "data": [
      {
        "text": "sim",
        "meta": "@sys.ignore",
        "userDefined": false
      }
    ],
    "isTemplate": false,
    "count": 0,
    "lang": "pt-br",
    "updated": 0
  }
]