[
  {
    "id": "44253a0b-714a-426a-b090-0aa9b8bf2019",
    "data": [
      {
        "text": "sou o ",
        "userDefined": false
      },
      {
        "text": "Israel Fontes",
        "meta": "@sys.person",
        "alias": "name",
        "userDefined": false
      },
      {
        "text": ", ",
        "userDefined": false
      },
      {
        "text": "meu",
        "meta": "@sys.ignore",
        "userDefined": false
      },
      {
        "text": " voo é o ",
        "userDefined": false
      },
      {
        "text": "8372",
        "meta": "@sys.number",
        "alias": "flightCode",
        "userDefined": true
      },
      {
        "text": " e ",
        "userDefined": false
      },
      {
        "text": "meu",
        "meta": "@sys.ignore",
        "userDefined": false
      },
      {
        "text": " cpf é ",
        "userDefined": false
      },
      {
        "text": "10010010022",
        "meta": "@cpf",
        "alias": "cpf",
        "userDefined": true
      }
    ],
    "isTemplate": false,
    "count": 0,
    "lang": "pt-br",
    "updated": 0
  },
  {
    "id": "ee54ba52-0dbd-4770-8285-5e13185c99c9",
    "data": [
      {
        "text": "8391",
        "meta": "@sys.number",
        "alias": "flightCode",
        "userDefined": true
      },
      {
        "text": " ",
        "userDefined": false
      },
      {
        "text": "Israel Fontes",
        "meta": "@sys.person",
        "alias": "name",
        "userDefined": false
      },
      {
        "text": " ",
        "userDefined": false
      },
      {
        "text": "0001112223347",
        "meta": "@cpf",
        "alias": "cpf",
        "userDefined": true
      }
    ],
    "isTemplate": false,
    "count": 0,
    "lang": "pt-br",
    "updated": 0
  },
  {
    "id": "508c53a3-5990-4c8b-b8ce-7ea38341267d",
    "data": [
      {
        "text": "8391",
        "meta": "@sys.ignore",
        "userDefined": false
      }
    ],
    "isTemplate": false,
    "count": 0,
    "lang": "pt-br",
    "updated": 0
  },
  {
    "id": "b3806fee-6822-48f9-9c05-f29195857e1e",
    "data": [
      {
        "text": "quero fazer checkin",
        "userDefined": false
      }
    ],
    "isTemplate": false,
    "count": 0,
    "lang": "pt-br",
    "updated": 0
  },
  {
    "id": "93d09520-95d8-4ee9-ada3-144d82870b8a",
    "data": [
      {
        "text": "3",
        "meta": "@sys.ignore",
        "userDefined": false
      }
    ],
    "isTemplate": false,
    "count": 0,
    "lang": "pt-br",
    "updated": 0
  },
  {
    "id": "53bf249a-0419-4a64-aeb0-a561a5eb38c3",
    "data": [
      {
        "text": "check",
        "userDefined": false
      }
    ],
    "isTemplate": false,
    "count": 0,
    "lang": "pt-br",
    "updated": 0
  },
  {
    "id": "415f5b89-0879-469c-8e71-5d203ba6571d",
    "data": [
      {
        "text": "checkin",
        "userDefined": false
      }
    ],
    "isTemplate": false,
    "count": 0,
    "lang": "pt-br",
    "updated": 0
  },
  {
    "id": "3c2f6ef7-cc48-42bd-a75a-bc4d6fec3e30",
    "data": [
      {
        "text": "fazer checkin",
        "userDefined": false
      }
    ],
    "isTemplate": false,
    "count": 0,
    "lang": "pt-br",
    "updated": 0
  }
]