[
  {
    "id": "065713ff-f48f-4d9c-9200-7b6d31d96429",
    "data": [
      {
        "text": "só de ida",
        "userDefined": false
      }
    ],
    "isTemplate": false,
    "count": 0,
    "lang": "pt-br",
    "updated": 0
  },
  {
    "id": "b55b310d-23b3-41fd-bb1b-82a58e748240",
    "data": [
      {
        "text": "apenas dia",
        "userDefined": false
      }
    ],
    "isTemplate": false,
    "count": 0,
    "lang": "pt-br",
    "updated": 0
  },
  {
    "id": "c3e3b9ec-d964-4891-afba-322dfca022e3",
    "data": [
      {
        "text": "not",
        "meta": "@sys.ignore",
        "userDefined": false
      }
    ],
    "isTemplate": false,
    "count": 0,
    "lang": "pt-br",
    "updated": 0
  },
  {
    "id": "cb19da5c-377c-4039-abf5-c812abac5866",
    "data": [
      {
        "text": "n",
        "userDefined": false
      }
    ],
    "isTemplate": false,
    "count": 0,
    "lang": "pt-br",
    "updated": 0
  },
  {
    "id": "c208cb64-05c5-4508-a114-7af3dbbfd8ef",
    "data": [
      {
        "text": "nao",
        "userDefined": false
      }
    ],
    "isTemplate": false,
    "count": 0,
    "lang": "pt-br",
    "updated": 0
  },
  {
    "id": "92e6aaeb-2bca-4de2-a8c6-f15c3a8cf122",
    "data": [
      {
        "text": "sem volta",
        "userDefined": false
      }
    ],
    "isTemplate": false,
    "count": 0,
    "lang": "pt-br",
    "updated": 0
  },
  {
    "id": "0d541917-413e-4d73-be0d-06015b52be6c",
    "data": [
      {
        "text": "só ida",
        "userDefined": false
      }
    ],
    "isTemplate": false,
    "count": 0,
    "lang": "pt-br",
    "updated": 0
  },
  {
    "id": "8a4a30a8-6138-4ed0-92b1-9c769b7f5bfe",
    "data": [
      {
        "text": "no",
        "userDefined": false
      }
    ],
    "isTemplate": false,
    "count": 0,
    "lang": "pt-br",
    "updated": 0
  },
  {
    "id": "7c7170e0-60a5-4ca8-b3f5-751f0c59f207",
    "data": [
      {
        "text": "não",
        "userDefined": false
      }
    ],
    "isTemplate": false,
    "count": 0,
    "lang": "pt-br",
    "updated": 0
  }
]