[
  {
    "id": "a3d48890-3ee7-45a7-b56d-865b9b817a0f",
    "data": [
      {
        "text": "cartão de crédito",
        "meta": "@payment-method",
        "alias": "paymentMethod",
        "userDefined": false
      }
    ],
    "isTemplate": false,
    "count": 0,
    "lang": "pt-br",
    "updated": 0
  },
  {
    "id": "dd7443d0-cf68-4827-9ef5-fd2c845da04c",
    "data": [
      {
        "text": "crédito",
        "meta": "@payment-method",
        "alias": "paymentMethod",
        "userDefined": false
      }
    ],
    "isTemplate": false,
    "count": 0,
    "lang": "pt-br",
    "updated": 0
  },
  {
    "id": "0e681329-ece4-4702-8b0c-bf97d86db3cb",
    "data": [
      {
        "text": "boleto",
        "meta": "@payment-method",
        "alias": "paymentMethod",
        "userDefined": true
      }
    ],
    "isTemplate": false,
    "count": 0,
    "lang": "pt-br",
    "updated": 0
  },
  {
    "id": "18f3d361-ab24-434e-97f6-038b0832905b",
    "data": [
      {
        "text": "débito",
        "meta": "@payment-method",
        "alias": "paymentMethod",
        "userDefined": false
      }
    ],
    "isTemplate": false,
    "count": 1,
    "lang": "pt-br",
    "updated": 0
  }
]