[
  {
    "id": "16234291-5ae5-4926-805e-e6a694a18983",
    "data": [
      {
        "text": "opcao ",
        "userDefined": false
      },
      {
        "text": "5",
        "meta": "@sys.ignore",
        "userDefined": false
      }
    ],
    "isTemplate": false,
    "count": 0,
    "lang": "pt-br",
    "updated": 0
  },
  {
    "id": "e6b06a95-5e8a-44bd-a213-6ab89061eba4",
    "data": [
      {
        "text": "about you",
        "userDefined": false
      }
    ],
    "isTemplate": false,
    "count": 0,
    "lang": "pt-br",
    "updated": 0
  },
  {
    "id": "639370f5-e3a3-48b9-bc87-5e73cb77a6b2",
    "data": [
      {
        "text": "sobre voce",
        "userDefined": false
      }
    ],
    "isTemplate": false,
    "count": 0,
    "lang": "pt-br",
    "updated": 0
  },
  {
    "id": "3d3e9edf-b4eb-4d94-af24-60990c0ea924",
    "data": [
      {
        "text": "sobre",
        "userDefined": false
      }
    ],
    "isTemplate": false,
    "count": 0,
    "lang": "pt-br",
    "updated": 0
  },
  {
    "id": "4951e0bd-ef45-4c02-8e5f-6cd835363061",
    "data": [
      {
        "text": "sobre mim",
        "userDefined": false
      }
    ],
    "isTemplate": false,
    "count": 0,
    "lang": "pt-br",
    "updated": 0
  },
  {
    "id": "f230bd62-439c-41ba-ab0c-dd2d70f0af35",
    "data": [
      {
        "text": "cinco",
        "meta": "@sys.ignore",
        "userDefined": false
      }
    ],
    "isTemplate": false,
    "count": 0,
    "lang": "pt-br",
    "updated": 0
  },
  {
    "id": "44bbcfa8-3f41-4b29-94d0-da96bf5d6c2b",
    "data": [
      {
        "text": "5",
        "meta": "@sys.ignore",
        "userDefined": false
      }
    ],
    "isTemplate": false,
    "count": 0,
    "lang": "pt-br",
    "updated": 0
  }
]