[
  {
    "id": "f6beef00-b40c-4012-9391-fc905b84b79c",
    "data": [
      {
        "text": "dia 23",
        "meta": "@sys.date",
        "alias": "returnDate",
        "userDefined": false
      }
    ],
    "isTemplate": false,
    "count": 0,
    "lang": "pt-br",
    "updated": 0
  },
  {
    "id": "a5d0028a-8f9b-47e9-8ebf-0546b83c6482",
    "data": [
      {
        "text": "positivo",
        "userDefined": false
      }
    ],
    "isTemplate": false,
    "count": 0,
    "lang": "pt-br",
    "updated": 0
  },
  {
    "id": "ae403def-bf0f-4b30-bf13-80c198f5f7aa",
    "data": [
      {
        "text": "será",
        "userDefined": false
      }
    ],
    "isTemplate": false,
    "count": 0,
    "lang": "pt-br",
    "updated": 0
  },
  {
    "id": "7f3cdd24-293d-49ed-98bc-cb916eb4e8fe",
    "data": [
      {
        "text": "será ",
        "userDefined": false
      },
      {
        "text": "uma",
        "meta": "@sys.ignore",
        "userDefined": false
      },
      {
        "text": " viagem de ida e volta",
        "userDefined": false
      }
    ],
    "isTemplate": false,
    "count": 0,
    "lang": "pt-br",
    "updated": 0
  },
  {
    "id": "1aa1fec6-d605-40fa-9a06-3f76d86820eb",
    "data": [
      {
        "text": "sim",
        "meta": "@sys.ignore",
        "userDefined": false
      }
    ],
    "isTemplate": false,
    "count": 0,
    "lang": "pt-br",
    "updated": 0
  }
]