[
  {
    "id": "d7fa1665-4d50-4a20-a68f-e58a7d790db5",
    "data": [
      {
        "text": "muito obrigado",
        "userDefined": false
      }
    ],
    "isTemplate": false,
    "count": 0,
    "lang": "pt-br",
    "updated": 0
  },
  {
    "id": "d49b95f2-0840-4aae-8578-6f1b7ab8cba7",
    "data": [
      {
        "text": "agradeço",
        "userDefined": false
      }
    ],
    "isTemplate": false,
    "count": 0,
    "lang": "pt-br",
    "updated": 0
  },
  {
    "id": "bc5588e3-69f4-40dd-ada2-de42399b36ce",
    "data": [
      {
        "text": "obrigado",
        "userDefined": false
      }
    ],
    "isTemplate": false,
    "count": 0,
    "lang": "pt-br",
    "updated": 0
  },
  {
    "id": "0a944eee-bfe7-4b92-9a97-37e537501b54",
    "data": [
      {
        "text": "no",
        "userDefined": false
      }
    ],
    "isTemplate": false,
    "count": 0,
    "lang": "pt-br",
    "updated": 0
  },
  {
    "id": "22e640da-8d3c-43ed-adca-3b5f593d688f",
    "data": [
      {
        "text": "not",
        "meta": "@sys.ignore",
        "userDefined": false
      }
    ],
    "isTemplate": false,
    "count": 0,
    "lang": "pt-br",
    "updated": 0
  },
  {
    "id": "17796e24-3dc5-4976-b856-c8985be815d6",
    "data": [
      {
        "text": "n",
        "userDefined": false
      }
    ],
    "isTemplate": false,
    "count": 0,
    "lang": "pt-br",
    "updated": 0
  },
  {
    "id": "974e3c68-6f3b-4ced-a5c8-2d4ce93536bb",
    "data": [
      {
        "text": "não",
        "userDefined": false
      }
    ],
    "isTemplate": false,
    "count": 0,
    "lang": "pt-br",
    "updated": 0
  },
  {
    "id": "0cb5b322-76a5-49d5-b74e-36accc61f6a0",
    "data": [
      {
        "text": "não quero",
        "userDefined": false
      }
    ],
    "isTemplate": false,
    "count": 0,
    "lang": "pt-br",
    "updated": 0
  }
]